1942,1,PC | Steam,VALVE,B,Scrolling shooter,,,NULL,2022,1984,5,,Não,Sim,1
A Bird Story,1,PC | Steam,VALVE,C,Adventure,,,NULL,2021,2014,9,100%,Não,Sim,2
A Plague Tale: Innocence,17,Windows 10,Microsoft,B,Stealth,,,NULL,2021,2019,9,,Não,Sim,3
A Plague Tale: Requim,26,Xbox Series S,Microsoft,A,Stealth,Gostei mais do Segundo e ele está Ótimo no Series S,,NULL,2024,2022,9,,Não,Sim,4
Air Zonk,4,PC Engine,NEC,S,Shoot 'em up,"No final usei o Save State, primeiro game a retro 100%",,NULL,2024,1992,8,100%,Sim,Sim,5
Akai Katana,1,Arcade,MAME,A,Bullet hell,,,NULL,2023,2010,7,,Sim,Não,6
Alice: Madness Returns,18,PC | Steam,VALVE,B,Hack and slash,,,NULL,2020,2011,8,,Não,Sim,7
Alien vs. Predator,1,Arcade,Capcom,C,Beat 'em up,,,NULL,2023,1994,8,,Sim,Não,8
As Dusk Falls,8,Windows 10,Microsoft,C,Adventure,,,NULL,2023,2022,7,,Não,Sim,9
Assassin's Creed,19,PC | Steam,VALVE,B,Stealth,,,NULL,2020,2007,7,,Não,Sim,10
Assassin's Creed II,14,PC | Ubisoft,Ubisoft Connect,B,Stealth,,,NULL,2020,2010,8,,Não,Sim,11
Assassin's Creed III Remastered,15,PC | Ubisoft,Ubisoft Connect,B,Stealth,,,NULL,2020,2019,7,,Não,Sim,12
Assassin's Creed IV: Black Flag,47,PC | Steam,VALVE,B,Stealth,,,NULL,2020,2013,9,,Não,Sim,13
Assassin's Creed: Brotherhood,15,PC | Ubisoft,Ubisoft Connect,B,Stealth,,,NULL,2020,2010,9,,Não,Sim,14
Assassin's Creed: Freedom Cry,6,PC | Steam,VALVE,B,Stealth,,,NULL,2020,2013,7,,Não,Sim,15
Assassin's Creed: Liberation HD,6,PC | Ubisoft,Ubisoft Connect,B,Stealth,,,NULL,2020,2014,4,,Não,Sim,16
Assassin's Creed: Origins,41,PC | Ubisoft,Ubisoft Connect,B,Action-RPG,,,NULL,2020,2017,8,,Não,Sim,17
Assassin's Creed: Revelations,18,PC | Ubisoft,Ubisoft Connect,B,Stealth,,,NULL,2020,2011,7,,Não,Sim,18
Assassin's Creed: Rogue,22,PC | Steam,VALVE,B,Stealth,,,NULL,2020,2014,7,,Não,Sim,19
Assassin's Creed: Syndicate,18,PC | Ubisoft,Ubisoft Connect,B,Stealth,,,NULL,2020,2015,7,,Não,Sim,20
Assassin's Creed: Unity,20,PC | Ubisoft,Ubisoft Connect,B,Stealth,,,NULL,2020,2014,7,,Não,Sim,21
Bastion,5,PC | Steam,VALVE,B,Action-RPG,,,NULL,2021,2011,8,,Não,Sim,22
Batsugun,1,Sega Saturn,Sega,B,Shoot 'em up,,,NULL,2023,1993,7,,Sim,Não,23
Bayonetta,11,PC | Steam,VALVE,A,Hack and slash,,,NULL,2021,2017,9,,Não,Sim,24
Bayonetta 2,13,Nintendo Wii U,Nintendo,B,Hack and slash,,,NULL,2021,2014,8,,Sim,Não,25
Beyond: Two Souls,15,PlayStation 3,Sony,B,Interactive drama,,,NULL,2019,2013,7,,Não,Sim,26
Black Mesa,20,PC | Steam,VALVE,A,FPS,,,NULL,2021,2020,9,,Não,Sim,27
Blast Wind,1,Sega Saturn,Sega,A,Shoot 'em up,,,NULL,2023,1997,7,,Sim,Sim,28
Blazing Star,1,Neo Geo MVS,SNK,B,Shoot 'em up,Amazon Games,,NULL,2023,1998,8,,Não,Não,29
Blood Bros.,0,Arcade,TAD Corporation,A,Shooting gallery,,,NULL,2022,1990,5,,Sim,Não,30
Brothers: A Tale of Two Sons,4,PC | Steam,VALVE,B,Adventure,,,NULL,2021,2013,9,,Não,Sim,31
Bulletstorm,10,PC | Steam,VALVE,B,FPS,,,NULL,2019,2011,7,,Não,Sim,32
Burnout Paradise,15,PC | Steam,VALVE,B,Racing,,,NULL,2019,2009,7,,Não,Sim,33
Cadillacs And Dinosaurs,1,Arcade,Capcom,B,Beat 'em up,Matar o Ultimo Boss,,NULL,2023,1993,9,,Sim,Não,34
Call of Duty 4: Modern Warfare,15,PlayStation 3,Sony,B,FPS,Não tem registro de Conquista zerei no ps3 antigo meu,,NULL,2019,2007,8,,Não,Sim,35
Cannon Spike,1,Dreamcast,Sega,SS,Shoot 'em up,Zerei com um amigo no emulador,,NULL,2023,2000,9,,Sim,Não,36
Capcom vs. SNK: Millennium Fight 2000 Pro,1,Dreamcast,Sega,B,Fighting,,,NULL,2023,2001,8,,Sim,Não,37
Captain Commando,1,PC | Steam,VALVE,B,Beat 'em up,,,NULL,2023,1991,9,,Não,Sim,38
Captain Toad: Treasure Tracker,15,Nintendo Wii U,Nintendo,C,Puzzle,,,NULL,2021,2014,8,,Sim,Não,39
Carrion,7,Windows 10,Microsoft,B,Reverse Horror,,,NULL,2021,2021,8,,Não,Sim,40
Castle Crashers,13,PC | Steam,VALVE,C,Beat 'em up,,,NULL,2014,2012,8,,Não,Sim,41
Celeste,11,PC | Steam,VALVE,A,Platform,,,NULL,2022,2018,10,,Não,Sim,42
ChuChu Rocket!,4,Dreamcast,Sega,S,Puzzle,Jogo divertido porém para completar ele foi dificil kkk,,NULL,2024,1999,8,,Sim,Sim,43
Control,24,PC | Epic,Epic,B,TPS,,,NULL,2020,2019,10,,Não,Sim,44
Cotton 2,1,Sega Saturn,Sega,A,Shoot 'em up,,,NULL,2023,1997,7,,Sim,Não,45
Crash Team Racing Nitro-Fueled,20,PlayStation 4,Sony,B,Kart racing,,,NULL,2020,2019,9,,Não,Sim,46
Crazy Taxi,8,PC | Steam,VALVE,B,Racing,,,NULL,2020,2011,8,,Não,Sim,47
Cuphead,50,PC | Steam,VALVE,SS,Run and gun,Depois de Anos finalizado,,NULL,2024,2017,11,,Não,Sim,48
Cyber Shadow,20,Windows 10,Microsoft,SS,Platform,,,NULL,2021,2021,8,,Não,Sim,49
Cyber-Lip,2,Neo Geo MVS,SNK,B,Run and gun,,,NULL,2023,1990,6,,Sim,Não,50
Dante's Inferno,8,Xbox 360,Microsoft,A,Hack and slash,"Finalmente Registrado na minha conta, joguei pirata",,NULL,2024,2010,9,,Não,Sim,51
Dark Souls II: Scholar Of The First Sin,70,PC | Steam,VALVE,SS,Soulslike,,,NULL,2023,2015,10,,Não,Sim,52
Dark Souls: Prepare to Die Edition,65,PC | Steam,VALVE,SS,Soulslike,,,NULL,2020,2012,11,,Não,Sim,53
Darkstalkers Chronicle: The Chaos Tower,1,PlayStation Portable,Sony,C,Fighting,Completar o Modo Arcade,,NULL,2023,2005,8,,Sim,Não,54
Darkwatch,6,PlayStation 2,Sony,B,FPS,,,NULL,2014,2002,8,,Sim,Não,55
DARQ: Complete Edition,6,PC | Steam,VALVE,A,Puzzle,,,NULL,2021,2020,8,,Não,Sim,56
Dead or Alive,1,Sega Saturn,Sega,A,Fighting,,,NULL,2023,1997,8,,Sim,Não,57
Dead or Alive 2,2,Dreamcast,Sega,C,Fighting,,,NULL,2023,2000,9,,Sim,Sim,58
Dead or Alive Dimensions,3,Nintendo 3DS,Nintendo,B,Fighting,,,NULL,2022,2011,7,,Sim,Não,59
Dead Space,21,PC | Steam,VALVE,B,Survival Horror,,,NULL,2020,2008,9,,Não,Sim,60
Dead Space 2,11,PC | Steam,VALVE,B,Survival Horror,,,NULL,2020,2011,9,,Não,Sim,61
Desert Assault | Thunder Zone,1,Arcade,MAME,C,Run and gun,,,NULL,2023,1991,7,,Sim,Não,62
Detana!! TwinBee,1,Sega Saturn,Sega,B,Shoot 'em up,,,NULL,2023,1995,7,,Sim,Não,63
Detroit: Become Human,20,PlayStation 4,Sony,C,Adventure,,,NULL,2019,2018,9,,Não,Sim,64
Devil May Cry 3: Dante's Awakening – Special Edition,20,PlayStation 2,Sony,S,Hack and slash,,,NULL,2012,2006,10,,Sim,Não,65
Dolphin Blue,1,Arcade,Sega,SS,Run and gun,,,NULL,2023,2003,8,,Sim,Sim,66
Donkey Kong Coutry Returns 3D,17,Nintendo 3DS,Nintendo,B,Platform,,,NULL,2022,2013,9,,Sim,Não,67
DonPachi,2,Sega Saturn,Sega,C,Shoot 'em up,,,NULL,2023,1995,7,,Sim,Não,68
Doom,8,Windows 10,Microsoft,A,FPS,,,NULL,2021,1993,10,,Não,Sim,69
Double Dragon,1,Arcade,MAME,A,Beat 'em up,,,NULL,2023,1987,7,,Sim,Não,70
Double Dragon 2,1,Arcade,MAME,S,Beat 'em up,,,NULL,2023,1988,8,,Sim,Não,71
Dragon Ball Z: Budokai Tenkaichi 3,40,PlayStation 2,Sony,A,Fighting,,,NULL,2012,2007,11,100%,Sim,Não,72
Dragon Ball: Advanced Adventure,4,Nintendo GameBoy Advance,Nintendo,B,Beat 'em up,Zerado Miyoo Mini+,,NULL,2024,2006,8,,Sim,Não,73
Dungeons & Dragons: Chronicles of Mystara,2,PC | Steam,VALVE,B,Beat 'em up,Um briga de rua de qulidade e bem legal,,NULL,2024,2013,8,,Não,Sim,74
Dungeons & Dragons: Tower of Doom,2,PC | Steam,VALVE,C,Beat 'em up,Um briga de rua de qulidade e bem legal,,NULL,2024,2013,7,,Não,Sim,75
Dyna Gear,1,Arcade,Sammy,C,Run and gun,Diferente e legal,,NULL,2023,1994,7,,Sim,Não,76
Eight Man,1,Neo Geo MVS,SNK,C,Beat 'em up,,,NULL,2023,1991,6,,Sim,Não,77
Elemental Master,2,Mega Drive,Sega,S,Shoot 'em up,Muito Dificil!!!! Musicas Boas e artes maravilhosas,,NULL,2024,1990,8,,Sim,Sim,78
Evergarden,12,PC | Steam,VALVE,C,Puzzle,,,NULL,2020,2018,6,,Não,Sim,79
Fez,8,PC | Steam,VALVE,B,Puzzle-platform,,,NULL,2020,2013,8,,Não,Sim,80
Final Fight,1,PC | Steam,VALVE,B,Beat 'em up,,,NULL,2022,1989,8,,Não,Sim,81
Final Fight 3,5,Super Nintendo,Nintendo,S,Beat 'em up,Matar o Ultimo Boss,Zerei no easy e não aparece a cena 1 seg mas zarei com minha irmã,NULL,2023,1995,8,,Sim,Não,82
Fire Emblem Echoes: Shadows of Valentia,90,Nintendo 3DS,Nintendo,S,Tactical RPG,,,NULL,2023,2017,10,,Sim,Não,83
Fire Emblem: Awakening,60,Nintendo 3DS,Nintendo,S,Tactical RPG,,,NULL,2022,2013,11,,Não,Não,84
Fire Emblem: Path of Radiance,35,Nintendo Game Cube,Nintendo,S,Tactical RPG,Matar o Ultimo Boss,,NULL,2023,2005,9,,Sim,Não,85
Game Dev Tycoon,19,PC | Steam,VALVE,C,Simulation,,,NULL,2021,2012,7,,Não,Sim,86
Garou: Mark of the Wolves,10,PC | Steam,VALVE,SS,Fighting,,,NULL,2022,2016,8,,Não,Sim,87
Gekirindan,1,Sega Saturn,Sega,A,Shoot 'em up,1+ Mais por conta da trilha sonora,,NULL,2023,1997,8,,Sim,Não,88
Ghost Pilots,3,Neo Geo MVS,SNK,B,Shoot 'em up,,,NULL,2023,1991,7,,Sim,Não,89
Ghost Rider,5,PlayStation Portable,Sony,C,Hack and slash,,,NULL,2023,2007,7,,Sim,Não,90
Giga Wing,1,PC | Steam,VALVE,S,Shoot 'em up,,,NULL,2023,1999,8,,Não,Sim,91
Giga Wing 2,1,Dreamcast,Sega,SS,Shoot 'em up,"Coloquei como fácil porque tem save a vontade, então é só tentar",,NULL,2023,2000,10,,Sim,Não,92
God of War,15,PlayStation 2,Sony,B,Hack and slash,,,NULL,2014,2005,8,,Sim,Não,93
God of War (2018),25,PlayStation 4,Sony,B,Hack and slash,,,NULL,2020,2018,10,,Não,Sim,94
God of War II,15,PlayStation 2,Sony,B,Hack and slash,,,NULL,2014,2007,9,,Sim,Não,95
God of War III,15,PlayStation 3,Sony,B,Hack and slash,,,NULL,2019,2010,8,,Não,Sim,96
God of War: Chains of Olympus,6,PlayStation Portable,Sony,B,Hack and slash,Matar o Ultimo Boss,Primeiro jogo zerado do Psp,NULL,2023,2008,8,,Sim,Não,97
God of War: Ghost of Sparta,7,PlayStation Portable,Sony,B,Hack and slash,Matar o Ultimo Boss,,NULL,2023,2010,9,,Sim,Não,98
Gone Home,1,PC | Epic,Epic,C,Walking Simulator,,,NULL,2020,2013,7,,Não,Sim,99
Gorogoa,2,PC | Steam,VALVE,C,Puzzle,,,NULL,2021,2017,8,,Não,Sim,100
Grand Theft Auto V,58,PC | Steam,VALVE,B,Action-adventure,,,NULL,2023,2014,10,,Não,Sim,101
Grid 2,17,PC | Steam,VALVE,C,Racing,,,NULL,2019,2013,7,,Não,Sim,102
GRIS,2,Windows 10,Microsoft,C,Platform,,,NULL,2020,2018,8,,Não,Não,103
Guacamelee! Super Turbo Championship Edition,10,PC | Steam,VALVE,B,Metroidvania,,,NULL,2021,2014,7,,Não,Sim,104
Guitar Hero,3,PlayStation 2,Sony,C,Rhythm,,,NULL,2023,2005,9,,Sim,Não,105
Guitar Hero II,4,PlayStation 2,Sony,C,Rhythm,,,NULL,2023,2005,9,,Sim,Não,106
Guitar Hero III: Legends of Rock,4,PlayStation 2,Sony,B,Rhythm,,,NULL,2023,2007,8,,Sim,Não,107
Gunbird,2,Sega Saturn,Sega,S,Shoot 'em up,,,NULL,2023,1995,9,,Sim,Não,108
Gunbird 2,2,Dreamcast,Sega,S,Shoot 'em up,,,NULL,2023,2000,10,,Sim,Não,109
GunForce 2,1,Arcade,MAME,C,Run and gun,,,NULL,2023,1994,7,,Sim,Não,110
GunForce: Battle Fire Engulfed Terror Island,1,Arcade,MAME,C,Run and gun,,,NULL,2023,1991,6,,Sim,Não,111
Gungrave,5,PlayStation 2,Sony,B,TPS,,,NULL,2014,2002,8,,Sim,Não,112
Hades,20,PC | Steam,VALVE,A,Roguelike,,,NULL,2021,2020,11,100%,Não,Sim,113
Half-Life,19,PC | Steam,VALVE,B,FPS,,,NULL,2019,1998,11,,Não,Sim,114
Half-Life 2,21,PC | Steam,VALVE,B,FPS,,,NULL,2019,2004,11,,Não,Sim,115
Half-Life 2: Episode One,5,PC | Steam,VALVE,A,FPS,,,NULL,2019,2006,8,,Não,Sim,116
Half-Life 2: Episode Two,6,PC | Steam,VALVE,A,FPS,,,NULL,2019,2007,8,,Não,Sim,117
Half-Life: Blue Shift,4,PC | Steam,VALVE,A,FPS,,,NULL,2021,2001,5,,Não,Sim,118
Half-Life: Opposing Force,7,PC | Steam,VALVE,A,FPS,,,NULL,2021,1999,6,,Não,Sim,119
Halo: Spartan Assault,9,PC | Steam,VALVE,C,Twin-stick shooter,,,NULL,2020,2014,4,,Não,Sim,120
Harvest Moon: Friends of Mineral Town,40,Nintendo GameBoy Advance,Nintendo,B,Simulation,,,NULL,2013,2003,11,,Sim,Não,121
Hell Yeah! Wrath of the Dead Rabbit,11,PC | Steam,VALVE,B,Metroidvania,,,NULL,2021,2012,6,,Não,Sim,122
Hellblade 2: Senua’s Saga,13,Xbox Series S,Microsoft,C,Action-adventure,,,NULL,2024,2024,8,1000G,Não,Sim,123
Hellblade: Senua's Sacrifice,8,Windows 10,Microsoft,C,Action-adventure,,,NULL,2019,2017,9,,Não,Sim,124
Hi-Fi RUSH,13,Windows 10,Microsoft,C,Hack and slash,Matar o Ultimo Boss,Dublagem BR Nota 10,NULL,2023,2023,9,,Não,Sim,125
Hollow Knight,50,PC | Steam,VALVE,S,Metroidvania,,,NULL,2020,2017,11,,Não,Sim,126
Horizon Chase Turbo,11,PC | Steam,VALVE,C,Racing,,,NULL,2022,2018,7,,Não,Sim,127
Hotline Miami,14,PC | Steam,VALVE,B,Top-down shooter,,,NULL,2020,2012,8,,Não,Sim,128
Hotline Miami 2: Wrong Number,21,PC | Steam,VALVE,B,Top-down shooter,,,NULL,2020,2015,9,,Não,Sim,129
Hyper Duel,1,Sega Saturn,Sega,SS,Shoot 'em up,Matar o Ultimo Boss,Zerei no Fácil com 5 creditos e 5 vidas e save stade no final boss,NULL,2023,1993,7,,Sim,Não,130
Ikaruga,2,PC | Steam,VALVE,SS,Shoot 'em up,,,NULL,2024,2014,10,,Não,Sim,131
In the Hunt,1,PlayStation 1,Sony,C,Shoot 'em up,Usei fichas infinitas,,NULL,2023,1995,8,,Sim,Não,132
Injustice 2,6,Windows 10,Microsoft,B,Fighting,,,NULL,2021,2017,6,,Não,Sim,133
Injustice: Gods Among Us Ultimate Edition,4,PC | Steam,VALVE,C,Fighting,,,NULL,2020,2013,8,,Não,Sim,134
INSIDE,6,PC | Steam,VALVE,B,Puzzle-platform,,,NULL,2022,2016,9,100%,Não,Sim,135
Inversion,11,PC | Steam,VALVE,B,TPS,,,NULL,2020,2012,6,,Não,Sim,136
Ironclad,1,Neo Geo CD,SNK,C,Shoot 'em up,Amazon Games,,NULL,2023,1996,7,,Não,Não,137
JoJo's Bizarre Adventure: All-Star Battle R,30,Xbox Series S,Microsoft,B,Fighting,,,NULL,2024,2022,9,1000G,Não,Sim,138
Jotun: Valhalla Edition,9,PC | Steam,VALVE,B,Action-adventure,,,NULL,2021,2015,8,,Não,Sim,139
Kirby: Planet Robobot,7,Nintendo 3DS,Nintendo,C,Platform,,,NULL,2022,2016,9,,Sim,Não,140
Left 4 Dead,5,PC | Steam,VALVE,B,FPS,,,NULL,2021,2008,9,,Não,Sim,141
Left 4 Dead 2,2,PC | Steam,VALVE,B,FPS,,,NULL,2021,2009,9,,Não,Sim,142
LEGO Star Wars II: The Original Trilogy,10,PlayStation 2,Sony,C,Action-adventure,,,NULL,2007,2007,7,,Sim,Não,143
LEGO Star Wars: The Video Game,10,PlayStation 2,Sony,C,Action-adventure,,,NULL,2005,2005,7,,Sim,Não,144
Life is Strange,19,PC | Steam,VALVE,C,Graphic adventure,,,NULL,2019,2015,10,,Não,Sim,145
Life is Strange: Before the Storm,10,PC | Steam,VALVE,C,Graphic adventure,,,NULL,2020,2017,9,,Não,Sim,146
Limbo,5,PC | Steam,VALVE,B,Puzzle-platform,,,NULL,2019,2010,9,,Não,Sim,147
Little Nightmares,4,PC | Steam,VALVE,B,Puzzle-platform,,,NULL,2021,2017,9,,Não,Sim,148
Luigi's Mansion,12,Nintendo 3DS,Nintendo,B,Action-adventure,,,NULL,2022,2018,7,,Sim,Não,149
Magician Lord,2,Neo Geo MVS,SNK,S,Platform,Amazon Games,,NULL,2023,1990,7,,Não,Não,150
Mario Kart 64,6,Nintendo 64,Nintendo,B,Kart racing,,,NULL,2024,1997,11,,Sim,Sim,151
Mario Kart 7,3,Nintendo 3DS,Nintendo,B,Kart racing,,,NULL,2022,2011,8,,Sim,Não,152
Mario Kart 8,2,Nintendo Wii U,Nintendo,B,Kart racing,,,NULL,2021,2014,8,,Sim,Não,153
Mario Kart Wii,10,Nintendo Wii,Nintendo,B,Kart racing,,,NULL,2021,2018,8,,Sim,Não,154
Mario Kart: Double Dash!!,6,Nintendo Game Cube,Nintendo,B,Kart racing,,,NULL,2021,2003,8,,Sim,Não,155
Mario Kart: Super Circuit,4,Nintendo GameBoy Advance,Nintendo,B,Kart racing,,,NULL,2001,2001,7,,Sim,Não,156
Mario Power Tennis,3,Nintendo Game Cube,Nintendo,B,Sports,,,NULL,2021,2004,8,,Sim,Não,157
Marvel Super Heroes,2,Sega Saturn,Sega,C,Fighting,,,NULL,2023,1997,7,,Sim,Não,158
Marvel's Spider-Man,25,PlayStation 4,Sony,B,Action-adventure,,,NULL,2020,2018,10,,Não,Sim,159
Marvel's Spider-Man: Miles Morales,10,PlayStation 4,Sony,B,Action-adventure,,,NULL,2021,2020,9,,Não,Sim,160
Mega Man - Legacy Collection,2,Nintendo Entertainment System,Nintendo,SS,Platform,"Usei retroceder e abusei do recurso, zerei e é jogão",,NULL,2023,1987,9,,Não,Sim,161
Metal Slug,2,Neo Geo MVS,SNK,S,Run and gun,Amazon Games,,NULL,2022,1996,9,,Não,Não,162
Metal Slug 2,2,Neo Geo MVS,SNK,S,Run and gun,Amazon Games,,NULL,2022,1998,8,,Não,Não,163
Metal Slug 3,2,Neo Geo MVS,SNK,S,Run and gun,Amazon Games,,NULL,2022,2000,9,,Não,Não,164
Metal Slug 4,2,PlayStation 2,Sony,S,Run and gun,,,NULL,2022,2002,8,,Sim,Sim,165
Metal Slug 5,2,PlayStation 2,Sony,S,Run and gun,,,NULL,2022,2003,7,,Sim,Sim,166
Metal Slug 6,1,Playstation 2,Sony,S,Run and gun,,,NULL,2022,2006,7,,Sim,Sim,167
Metal Slug 7,1,Nintendo Ds,Nintendo,S,Run and gun,,,NULL,2023,2008,7,,Sim,Não,168
Metal Slug X,2,Windows 10,Microsoft,S,Run and gun,,,NULL,2020,1999,10,,Não,Sim,169
Metroid: Samus Returns,20,Nintendo 3DS,Nintendo,B,Metroidvania,,,NULL,2021,2007,9,,Sim,Não,170
Metroid: Zero Mission,8,Nintendo GameBoy Advance,Nintendo,B,Metroidvania,,,NULL,2021,2004,11,,Sim,Não,171
Michael Jackson's Moonwalker,1,Arcade,Sega,B,Beat 'em up,,,NULL,2023,1990,7,,Sim,Não,172
Minecraft Dungeons,42,Windows 10,Microsoft,B,Dungeon crawler,,,NULL,2020,2020,9,1000G,Não,Sim,173
Minecraft: Java Edition,0,Windows 10,Microsoft,B,Survival,,,NULL,2011,2011,11,,Sim,Não,174
Minit,3,Windows 10,Microsoft,C,Adventure,,,NULL,2020,2018,7,,Não,Sim,175
Mortal Kombat: Unchained,2,PlayStation Portable,Sony,S,Fighting,,,NULL,2024,2006,6,,Sim,Não,176
My Friend Pedro,6,Windows 10,Microsoft,B,Shoot 'em up,,,NULL,2019,2019,7,,Não,Sim,177
Nano Assault EX,5,Nintendo 3DS,Nintendo,C,Shoot 'em up,Matar o Ultimo Boss,Jogo é bem tranquilo,NULL,2023,2013,7,,Sim,Não,178
Narita Boy,9,Windows 10,Microsoft,B,Action-adventure,,,NULL,2021,2021,7,,Não,Sim,179
New Super Mario Bros,7,Nintendo DS,Nintendo,B,Platform,,,NULL,2023,2006,8,,Sim,Não,180
New Super Mario Bros. 2,6,Nintendo 3DS,Nintendo,C,Platform,,,NULL,2022,2012,7,,Sim,Não,181
Ninja Commando,3,Neo Geo MVS,SNK,B,Shoot 'em up,Amazon Games,,NULL,2023,1992,8,,Não,Não,182
Ori and the Blind Forest: Definitive Edition,18,Windows 10,Microsoft,A,Metroidvania,,,NULL,2020,2015,9,,Não,Sim,183
Ori and the Will of the Wisps,20,Windows 10,Microsoft,A,Metroidvania,,,NULL,2021,2020,10,,Não,Sim,184
Outlast,7,PC | Steam,VALVE,B,Survival horror,,,NULL,2020,2013,8,,Não,Sim,185
Outlast II,8,PC | Steam,VALVE,B,Survival horror,,,NULL,2021,2017,8,,Não,Sim,186
Outlast: Whistleblower,2,PC | Steam,VALVE,B,Survival horror,,,NULL,2020,2013,8,,Não,Sim,187
"Papers, Please",6,PC | Steam,VALVE,A,Puzzle,,,NULL,2019,2013,9,,Não,Sim,188
Pepsiman,3,PlayStation 1,Sony,S,Action,Jogo injusto dalhe save-state,,NULL,2023,1999,8,,Sim,Não,189
Persona 3 Reload,200,Xbox Series S,Microsoft,B,RPG,"Zerei 3 vezes porque errei, coloquei no Series foi onde mais joguei",,NULL,2024,2024,11,1000G,Não,Sim,190
Plants vs. Zombies: GOTY Edition,8,PC | Steam,VALVE,B,Tower defense,,,NULL,2021,2009,8,,Não,Sim,191
Pokémon Emerald,60,Nintendo GameBoy Advance,Nintendo,B,RPG,,,NULL,2012,2005,11,,Sim,Não,192
Pokémon FireRed,60,Nintendo GameBoy Advance,Nintendo,B,RPG,,,NULL,2012,2004,11,,Sim,Não,193
Pokémon X,52,Nintendo 3DS,Nintendo,C,RPG,,,NULL,2018,2013,10,,Não,Não,194
Poochy & Yoshi's Woolly World,14,Nintendo 3DS,Nintendo,B,Platform,,,NULL,2023,2017,8,,Sim,Não,195
Portal 1,4,PC | Steam,VALVE,A,Puzzle,,,NULL,2019,2007,10,,Não,Sim,196
Portal 2,9,PC | Steam,VALVE,A,Puzzle,,,NULL,2019,2011,10,,Não,Sim,197
Postal 2,12,PC | Steam,VALVE,B,FPS,,,NULL,2019,2003,10,,Não,Sim,198
Power Stone 2,1,Dreamcast,Sega,B,Fighting,Zerei com meu amigo de internet usando RetroArch via remoteplay,,NULL,2023,2000,8,,Sim,Não,199
Press X to Not Die,0,PC | Steam,VALVE,C,FMV,,,NULL,2021,2017,7,,Não,Sim,200
Purikura Daisakusen,1,Sega Saturn,Sega,A,Run and gun,,,NULL,2023,1996,7,,Sim,Não,201
QuackShot Starring Donald Duck,5,Mega Drive,Sega,S,Platform,Matar o Ultimo Boss,Utilizei save stade no meio e no final do ultimo boss,NULL,2023,1991,9,,Sim,Não,202
Radiant Silvergun,2,Sega Saturn,Sega,SS,Shoot 'em up,,,NULL,2023,1998,10,,Sim,Não,203
ReCore: Definitive Edition,15,Windows 10,Microsoft,B,Action-adventure,,,NULL,2019,2016,7,,Não,Sim,204
Red Dead Redemption,18,PlayStation 3,Sony,B,TPS,,,NULL,2019,2010,11,,Não,Sim,205
Red Dead Revolver,8,PlayStation 2,Sony,B,TPS,,,NULL,2018,2004,8,,Sim,Não,206
Resident Evil 4,24,PC | Steam,VALVE,B,Survival Horror,,,NULL,2021,2014,9,,Não,Sim,207
Rime,7,PC | Steam,VALVE,B,Puzzle,,,NULL,2021,2017,7,,Não,Sim,208
Rise of the Tomb Raider,12,Windows 10,Microsoft,B,Action-adventure,,,NULL,2019,2015,9,,Não,Sim,209
Rogue Legacy,66,PC | Steam,VALVE,A,Roguelike,,,NULL,2020,2013,10,,Não,Sim,210
Ryse: Son of Rome,10,PC | Steam,VALVE,C,Hack and slash,,,NULL,2021,2014,6,,Não,Sim,211
Sadame,9,Nintendo 3DS,Nintendo,B,Action-RPG,Matar o Ultimo Boss,,NULL,2023,2016,7,,Sim,Não,212
Sayonara Wild Hearts,1,Apple Arcade | iPhone,Apple,C,Rhythm,,,NULL,2022,2019,8,,Não,Não,213
Sea of Thieves,91,Windows 10,Microsoft,C,Action-adventure,,,NULL,2021,2018,9,,Não,Sim,214
Shadow of the Colossus,12,PlayStation 2,Sony,A,Action-adventure,,,NULL,2012,2005,11,,Sim,Não,215
Shock Troopers,2,Neo Geo MVS,SNK,B,Run and gun,Amazon Games,,NULL,2023,1997,7,,Não,Não,216
Shock Troopers 2nd Squad,2,Neo Geo MVS,SNK,C,Run and gun,Amazon Games,,NULL,2023,1998,8,,Não,Não,217
Sin and Punishment,3,Nintendo 64,Nintendo,A,Rail shooter,,,NULL,2024,2000,8,,Sim,Sim,218
Sonic & All-Stars Racing Transformed,10,PC | Steam,VALVE,C,Racing,,,NULL,2019,2013,7,,Não,Sim,219
Sonic The Hedgehog,4,Mega Drive,Sega,A,Platform,Mega Drive Collection,,NULL,2022,1991,8,,Não,Sim,220
Sonic the Hedgehog 2,3,Mega Drive,Sega,A,Platform,Mega Drive Collection,,NULL,2022,1992,9,,Não,Sim,221
Sonic Wings Special,2,Sega Saturn,Sega,S,Shoot 'em up,,,NULL,2023,1996,8,,Sim,Não,222
Soul Edge,1,PlayStation 1,Sony,B,Fighting,,,NULL,2023,1997,7,,Sim,Não,223
Soulcalibur,2,Dreamcast,Sega,C,Fighting,,,NULL,2023,1998,10,,Sim,Sim,224
SoulCalibur VI,8,PC | Steam,VALVE,B,Fighting,,,NULL,2020,2018,6,,Não,Sim,225
Spore,7,PC | Steam,VALVE,A,God game,,,NULL,2020,2008,8,,Não,Sim,226
Star Fox 3D,1,Nintendo 3DS,Nintendo,C,Rail shooter,,,NULL,2022,2011,7,,Sim,Não,227
Star Soldier: Vanishing Earth,2,Nintendo 64,Nintendo,C,Shoot 'em up,,,NULL,2024,1998,7,,Sim,Sim,228
Star Wars Jedi: Fallen Order,23,PC | EA Play,EA Play,B,Soulslike,,,NULL,2021,2019,8,,Não,Sim,229
Steam-Heart's,2,Sega Saturn,Sega,SS,Shoot 'em up,,,NULL,2023,1998,6,,Sim,Não,230
Street Fighter II,1,PC | Steam,VALVE,B,Fighting,,,NULL,2022,1991,8,,Não,Sim,231
Street Fighter III: 3rd Strike,2,Dreamcast,Sega,B,Fighting,,,NULL,2023,2000,9,,Sim,Não,232
Streets of Rage,3,Mega Drive,Sega,A,Beat 'em up,Mega Drive Collection,,NULL,2024,1991,8,,Não,Sim,233
Streets of Rage 4,8,Windows 10,Microsoft,B,Beat 'em up,,,NULL,2020,2020,8,,Não,Sim,234
Sunset Riders,1,Arcade,Konami,A,Run and gun,,,NULL,2023,1991,9,,Sim,Não,235
Super Mario 3D Land,10,Nintendo 3DS,Nintendo,B,Platform,,,NULL,2021,2011,8,,Sim,Não,236
Super Mario 3D World + Bowser's Fury,20,Nintendo Switch,Nintendo,A,Platform,,,NULL,2021,2021,10,,Sim,Não,237
Super Mario 64,30,Nintendo 64,Nintendo,A,Platform,,,NULL,2011,1996,11,100%,Não,Sim,238
Super Mario Bros Deluxe.,4,Nintendo GameBoy Color,Nintendo,S,Platform,,,NULL,2023,1999,10,,Sim,Não,239
Super Mario Bros.,1,Nintendo Entertainment System,Nintendo,A,Platform,"Feijão com Arroz do Mundo dos Videos games, o SALVADOR",,NULL,2024,1985,10,,Sim,Sim,240
Super Mario Bros. Wonder,10,Nintendo Switch,Nintendo,B,Platform,,,NULL,2023,2023,10,,Sim,Não,241
Super Mario World,10,Super Nintendo,Nintendo,A,Platform,"Nada a Declarar, Obra Prima",,NULL,2024,1990,10,,Sim,Sim,242
Super Meat Boy,25,PC | Steam,VALVE,S,Platform,,,NULL,2020,2010,8,,Não,Sim,243
Super Smash Bros 3DS,1,Nintendo 3DS,Nintendo,C,Fighting,,,NULL,2023,2014,8,,Sim,Não,244
Super Smash Bros. Melee,2,Nintendo Game Cube,Nintendo,B,Fighting,,,NULL,2021,2001,9,,Sim,Não,245
Super Smash Bros.( 64),1,Nintendo 64,Nintendo,B,Fighting,,,NULL,2023,1999,10,,Não,Sim,246
SUPERHOT,2,Windows 10,Microsoft,B,FPS,,,NULL,2019,2016,7,,Não,Sim,247
Teenage Mutant Ninja Turtles: Shredder's Revenge,3,Windows 10,Microsoft,C,Beat 'em up,,,NULL,2023,2022,8,,Não,Sim,248
Teenage Mutant Ninja Turtles: The Hyperstone Heist,3,Mega Drive,Sega,A,Beat 'em up,Ótimo Beat Up,,NULL,2024,1992,8,,Sim,Sim,249
Tekken,2,PlayStation 1,Sony,A,Fighting,,,NULL,2023,1995,8,,Sim,Não,250
Tekken 2,2,PlayStation 1,Sony,C,Fighting,,,NULL,2023,1996,8,,Sim,Não,251
Tekken 3,1,PlayStation 1,Sony,B,Fighting,,,NULL,2023,1998,10,,Sim,Não,252
Tekken 4,1,PlayStation 2,Sony,B,Fighting,,,NULL,2023,2002,8,,Sim,Não,253
Tekken 5: Dark Resurrection,1,PlayStation Portable,Sony,B,Fighting,Matar o Ultimo Boss,,NULL,2023,2006,8,,Sim,Não,254
Tekken 6,2,PlayStation Portable,Sony,B,Fighting,,,NULL,2023,2009,8,,Sim,Não,255
Tell Me Why,9,Windows 10,Microsoft,C,Graphic adventure,,,NULL,2021,2020,7,,Não,Sim,256
The Awesome Adventures of Captain Spirit,2,PC | Steam,VALVE,C,Graphic adventure,,,NULL,2020,2018,7,,Não,Sim,257
The Elder Scrolls V: Skyrim,35,PC | Steam,VALVE,B,Action-RPG,,,NULL,2019,2011,11,,Não,Sim,258
The Last of Us Part II,24,PlayStation 4,Sony,A,Action-adventure,,,NULL,2020,2020,11,,Não,Sim,259
The Last of Us Remastered,20,PlayStation 4,Sony,A,Action-adventure,,,NULL,2019,2015,11,,Não,Sim,260
The Legend of Zelda: Link's Awakening DX,12,Nintendo GameBoy Color,Nintendo,B,Action-adventure,,,NULL,2019,1998,7,,Sim,Não,261
The Order: 1886,15,PlayStation 4,Sony,B,Action-adventure,,,NULL,2020,2015,6,,Não,Sim,262
The Punisher,0,Arcade,Capcom,B,Beat 'em up,,,NULL,2022,1993,7,,Sim,Não,263
The Simpsons Arcade Game,1,Arcade,Konami,B,Beat 'em up,,,NULL,2023,1991,8,,Sim,Não,264
The Walking Dead: A New Frontier,9,PC | Steam,VALVE,C,Graphic adventure,,,NULL,2021,2020,8,100%,Não,Sim,265
The Walking Dead: Season One,18,PC | Steam,VALVE,C,Graphic adventure,,,NULL,2021,2012,10,100%,Não,Sim,266
The Walking Dead: Season Two,13,PC | Steam,VALVE,C,Graphic adventure,,,NULL,2021,2014,10,100%,Não,Sim,267
The Walking Dead: The Final Season,11,PC | Steam,VALVE,C,Graphic adventure,,,NULL,2021,2019,10,,Não,Sim,268
The Witcher: Enhanced Edition,48,PC | Steam,VALVE,B,Action-RPG,,,NULL,2020,2008,9,,Não,Sim,269
Thunder Force V,5,Sega Saturn,Sega,SS,Shoot 'em up,"Zerei no Fácil, emulador travou 25x vezes e quase desisto do jogo",,NULL,2023,1997,8,,Sim,Não,270
Toem,5,Windows 10,Microsoft,C,Photography,,,NULL,2023,2021,8,,Não,Sim,271
Tomb Raider,12,PC | Steam,VALVE,B,Action-adventure,,,NULL,2021,2013,8,,Não,Sim,272
Transistor,7,PC | Steam,VALVE,B,Action-RPG,,,NULL,2021,2015,8,,Não,Sim,273
Trine,6,PC | Steam,VALVE,A,Platform,,,NULL,2020,2009,7,,Não,Sim,274
Twelve Minutes,6,Windows 10,Microsoft,B,Adventure,,,NULL,2021,2021,7,,Não,Sim,275
TwinBee Yahho!,1,Sega Saturn,Sega,C,Shoot 'em up,,,NULL,2023,1995,7,,Sim,Não,276
Twinkle Star Sprites,1,Neo Geo MVS,SNK,C,Shoot 'em up,Amazon Games,,NULL,2023,1996,9,,Não,Não,277
Twinkle Tale,3,Mega Drive,Sega,SS,Shoot 'em up,Matar o Ultimo Boss,Zerei Com save stade e no facil fiz o final o ruim mas tranquilo,NULL,2023,1992,9,,Sim,Sim,278
Uncharted: Drake's Fortune Remastered,10,PlayStation 4,Sony,B,Action-adventure,Primeiro jogo zerado no meu PS4 Kkkkkk,,NULL,2024,2015,8,,Não,Sim,279
Undertale,16,PC | Steam,VALVE,A,RPG,OBRA PRIMA DEFINTIVA ADOREI! FANTASTICO,,NULL,2024,2015,11,,Não,Sim,280
Until Dawn,19,PlayStation 4,Sony,B,Interactive drama,,,NULL,2021,2015,7,,Não,Sim,281
WarioWare Gold,2,Nintendo 3DS,Nintendo,C,Action,,,NULL,2022,2018,8,,Sim,Não,282
"WarioWare, Inc.: Mega Microgame$!",5,Nintendo GameBoy Advance,Nintendo,B,Action,,,NULL,2022,2003,11,,Sim,Não,283
WarioWare: Snapped!,1,Nintendo DSi,Nintendo,C,Action,,,NULL,2023,2009,7,,Sim,Não,284
What Remains of Edith Finch,3,Windows 10,Microsoft,C,Walking Simulator,,,NULL,2021,2017,9,,Não,Sim,285
Wolfenstein: The New Order,17,Windows 10,Microsoft,B,FPS,,,NULL,2021,2014,7,,Não,Sim,286
X-men Vs. Street Fighter,1,Sega Saturn,Sega,C,Fighting,,,NULL,2023,1997,7,,Sim,Não,287
Sine Mora Ex,3,PC | Steam,VALVE,A,Shoot 'em up,jogo de nave legal e interessante,,NULL,2024,2017,8,,Não,Sim,288
Sonic CD,2,PC | Steam,VALVE,B,Platform,Sonic 1 com melhorias,,NULL,2024,2012,7,,Não,Sim,289
Atomic Runner,3,Mega Drive,Sega,SS,Run and gun,Zerei Com save stade,,NULL,2024,1992,7,,Sim,Sim,290
Sekiro: Shadows Die Twice,120,Xbox One,Microsoft,SS,Soulslike,OBRA PRIMA DEFINTIVA ADOREI! FANTASTICO,,NULL,2024,2019,11,1000G,Não,Sim,291
Fire Hawk,1,Arcade,MAME,C,Shoot 'em up,Jogo maneiro,,NULL,2024,2001,6,,Sim,Não,292
Virtual Boy: Wario Land,3,Virtual Boy,Nintendo,B,Platform,Primeiro jogo do virtual boy e miyoo mini+,,NULL,2024,1995,8,,Sim,Sim,293
Super Mario Land,1,Nintendo GameBoy,Nintendo,B,Platform,Zerado Miyoo Mini+,,NULL,2024,1989,7,,Sim,Sim,294
Super Mario Land 2: 6 Golden Coins,2,Nintendo GameBoy,Nintendo,B,Platform,Zerado Miyoo Mini+,,NULL,2024,1992,8,,Sim,Sim,295
Pokémon Red/Blue,18,Nintendo GameBoy,Nintendo,B,RPG,Zerado Miyoo Mini+ - Glit do Rare Candy,,NULL,2024,1998,11,,Sim,Sim,296
Wario Land: Super Mario Land 3,4,Nintendo GameBoy,Nintendo,B,Platform,Zerado Miyoo Mini+,,NULL,2024,1994,8,,Sim,Não,297
Gears of War,10,Xbox 360,Microsoft,B,TPS,Jogo necessario para jogar,,NULL,2024,2006,9,,Não,Sim,298
Astro Playroom,1,PlayStation 5,Sony,C,Platform,Ótima Demo do PS5,,NULL,2024,2020,8,,Não,Sim,299
Gears of War 2,12,Xbox 360,Microsoft,B,TPS,Muito Bom superou o primeiro,,NULL,2024,2008,9,,Não,Sim,300
Pulseman,5,Mega Drive,Sega,SS,Platform,Ótimo Plataforma e Muito dificil!,,NULL,2024,1994,8,,Sim,Sim,301
Super Mario Strikers,8,Nintendo Game Cube,Nintendo,B,Sports,Primeiro jogo de Game Cube zerado com Retroachivements,,NULL,2024,2005,8,,Sim,Sim,302
Uncharted 2: Among Thieves Remastered,13,PlayStation 4,Sony,B,Action-adventure,Primeiro jogo zerado no meu PS4 Kkkkkk,,NULL,2024,2015,8,,Não,Sim,303
Castlevania: Bloodlines - Anniversary Collection,7,Mega Drive,Sega,S,Classicvania,Primeiro Castle,,NULL,2024,1994,9,,Não,Sim,304
It Takes Two,21,Xbox Series S,Microsoft,C,Platform,Primeiro Jogo que zerei com thalia,,NULL,2024,2021,11,,Não,Sim,305
Tunic,30,Xbox Series S,Microsoft,B,Action-adventure,"Demorei muito por conta que eu não entendi, depois eu peguei o jeito",,NULL,2024,2022,9,1000G,Não,Sim,306
Gears of War 3,12,Xbox 360,Microsoft,B,TPS,"Jogo ótimo, com muito mais ação e termina de maneira sensacional",,NULL,2024,2011,10,,Não,Sim,307
Final Fight 2,1,Super Nintendo,Nintendo,B,Beat 'em up,Matar o Ultimo Boss,Parece o primeiro porém alguns fases diferentes kkkk gostei no geral,NULL,2024,1993,8,,Sim,Sim,308
Bishoujo Senshi Sailor Moon R,1,Super Nintendo,Nintendo,A,Beat 'em up,Completa todas as fases,"Jogo é legal mas chega na 3 fase é triste, melhor jogar com a chibi",NULL,2024,1993,7,,Sim,Sim,309
Teenage Mutant Ninja Turtles IV: Turtles in Time,1,Super Nintendo,Nintendo,B,Beat 'em up,Matar o Ultimo Boss,Bom jogo mas prefiro a nova versao,NULL,2024,1991,8,,Sim,Sim,310
Pocky & Rocky 2,4,Super Nintendo,Nintendo,S,Run and gun,Completar Todas as Fases,Um bom jogo,NULL,2024,1994,8,,Sim,Sim,311
Balatro,10,PC | Steam,VALVE,A,Roguelike,Completar a primeira run do blind,"Vale muito apena jogar, otimo jogo de cartas",NULL,2024,2024,9,,Não,Sim,312
Super Metroid,12,Super Nintendo,Nintendo,A,Metroidvania,Derotar todos os chefes,Primeiro jogo zerado com controle SNES Swtich Online,NULL,2024,1994,9,,Sim,Sim,313
Lies of P,124,Xbox Series S,Microsoft,S,Soulslike,Torrar todos chefes,"Jogão, decidi colcoar agora mas as horas coloco depois, vou platinar ele a data de zeramento é do primeiro final",07/jan,2025,2023,10,1000G,Não,Sim,314
Sackboy: Uma Grande Aventura,10,PlayStation 4,Sony,B,Platform,Completar todas as Fases,ótimo jogo para crianças e familia,12/jan,2025,2020,9,,Não,Sim,315
Kirby's Dream Land,1,Nintendo Gameboy,Nintendo,C,Platform,Completar todas as Fases,"ótimo jogo para crianças e joguei só para ver como que era, acabei zerando",13/jan,2025,1992,7,,Sim,Sim,316
DEAD OR ALIVE 5 Last Round,4,PlayStation 4,Sony,B,Fighting,Completar todas as Lutas,"ótimo jogo, para",17/jan,2025,2015,7,,Não,Sim,317
Street Fighter V: Champion Edition,9,PlayStation 4,Sony,B,Fighting,Completar todas as Lutas,"Fiz todos modos arcades, todas lutas individuais e modo historia geral",25/jan,2025,2016,8,,Não,Sim,318
Shin Megami Tensei IV,43,Nintendo 3DS,Nintendo,A,RPG,Derrotar todos os boss,Fiz o final lei agora rumo ao final neutro e caos,28/jan,2025,2013,11,,Sim,Não,319
